"","De_Sepal.Length","De_Sepal.Width","De_Petal.Length","Ba_Petal.Width"
"Sepal.Length",1,-0.289286728301178,-0.72913844629328,0
"Sepal.Width",0,1,0.646012437372781,0
"Petal.Length",0,0,1,0
"Petal.Width",-0.888580253806363,0.466414306084129,-1.44679341433699,1
