"","La_Sepal.Length","La_Sepal.Width","La_Petal.Length","Ba_Petal.Width"
"Sepal.Length",1,-0.289286728301178,-0.542255621843838,0
"Sepal.Width",0,1,0.49483340170868,0
"Petal.Length",0,0,1,0
"Petal.Width",-0.888580253806363,0.466414306084129,-1.74810285703594,1
