"","La_Sepal.Length","La_Sepal.Width","Ba_Petal.Length","La_Petal.Width"
"Sepal.Length",1,-0.56118597109805,0,0.125048252774961
"Sepal.Width",0,1,0,-0.22282854386093
"Petal.Length",-0.408922277351185,0.335266741578859,1,-0.490462416183428
"Petal.Width",0,0,0,1
