"","De_Sepal.Length","De_Sepal.Width","Ba_Petal.Length","De_Petal.Width"
"Sepal.Length",1,-0.561185971098049,0,0.12504825277496
"Sepal.Width",0,1,0,-0.22282854386093
"Petal.Length",-0.408922277351185,0.335266741578858,1,-0.490462416183428
"Petal.Width",0,0,0,1
